{
    "accuracy": 0.7626363496696881,
    "cross_val_accuracy": 0.7530522779416585,
    "classification_report": {
        "0": {
            "precision": 0.7802719620116555,
            "recall": 0.7355783904771594,
            "f1-score": 0.7572663000785546,
            "support": 9829.0
        },
        "1": {
            "precision": 0.7467108468960141,
            "recall": 0.790059806145597,
            "f1-score": 0.7677739365699684,
            "support": 9698.0
        },
        "accuracy": 0.7626363496696881,
        "macro avg": {
            "precision": 0.7634914044538348,
            "recall": 0.7628190983113783,
            "f1-score": 0.7625201183242615,
            "support": 19527.0
        },
        "weighted avg": {
            "precision": 0.7636039795058179,
            "recall": 0.7626363496696881,
            "f1-score": 0.762484872244977,
            "support": 19527.0
        }
    },
    "confusion_matrix": [
        [
            7230,
            2599
        ],
        [
            2036,
            7662
        ]
    ]
}