{
    "accuracy": 0.7506713279627096,
    "cross_val_accuracy": 0.7376293308742311,
    "classification_report": {
        "0": {
            "precision": 0.7606533347293477,
            "recall": 0.7338383838383838,
            "f1-score": 0.7470052953575652,
            "support": 9900.0
        },
        "1": {
            "precision": 0.7413116041625761,
            "recall": 0.7676120768526989,
            "f1-score": 0.7542326324726565,
            "support": 9837.0
        },
        "accuracy": 0.7506713279627096,
        "macro avg": {
            "precision": 0.7509824694459619,
            "recall": 0.7507252303455414,
            "f1-score": 0.7506189639151108,
            "support": 19737.0
        },
        "weighted avg": {
            "precision": 0.7510133386009932,
            "recall": 0.7506713279627096,
            "f1-score": 0.750607429177353,
            "support": 19737.0
        }
    },
    "confusion_matrix": [
        [
            7265,
            2635
        ],
        [
            2286,
            7551
        ]
    ]
}