{
    "accuracy": 0.74495,
    "cross_val_accuracy": 0.7668,
    "classification_report": {
        "0": {
            "precision": 0.7515145292124448,
            "recall": 0.7319,
            "f1-score": 0.7415775875170981,
            "support": 10000.0
        },
        "1": {
            "precision": 0.7387194230581815,
            "recall": 0.758,
            "f1-score": 0.7482355263807314,
            "support": 10000.0
        },
        "accuracy": 0.74495,
        "macro avg": {
            "precision": 0.7451169761353131,
            "recall": 0.74495,
            "f1-score": 0.7449065569489148,
            "support": 20000.0
        },
        "weighted avg": {
            "precision": 0.7451169761353131,
            "recall": 0.74495,
            "f1-score": 0.7449065569489148,
            "support": 20000.0
        }
    },
    "confusion_matrix": [
        [
            7319,
            2681
        ],
        [
            2420,
            7580
        ]
    ]
}