{
    "accuracy": 0.7601937828017763,
    "cross_val_accuracy": 0.8298385061821852,
    "classification_report": {
        "0": {
            "precision": 0.7740221088435374,
            "recall": 0.7349616471538151,
            "f1-score": 0.7539863325740319,
            "support": 9908.0
        },
        "1": {
            "precision": 0.7476940814757879,
            "recall": 0.7854259184497376,
            "f1-score": 0.7660956881275842,
            "support": 9908.0
        },
        "accuracy": 0.7601937828017763,
        "macro avg": {
            "precision": 0.7608580951596626,
            "recall": 0.7601937828017764,
            "f1-score": 0.7600410103508081,
            "support": 19816.0
        },
        "weighted avg": {
            "precision": 0.7608580951596627,
            "recall": 0.7601937828017763,
            "f1-score": 0.7600410103508081,
            "support": 19816.0
        }
    },
    "confusion_matrix": [
        [
            7282,
            2626
        ],
        [
            2126,
            7782
        ]
    ]
}