{
    "accuracy": 0.7391816459261535,
    "cross_val_accuracy": 0.6970872543371103,
    "classification_report": {
        "0": {
            "precision": 0.7333692142088267,
            "recall": 0.6895748987854251,
            "f1-score": 0.7107981220657277,
            "support": 9880.0
        },
        "1": {
            "precision": 0.7064228965253183,
            "recall": 0.748706502992797,
            "f1-score": 0.7269503546099291,
            "support": 9857.0
        },
        "accuracy": 0.7191062471500228,
        "macro avg": {
            "precision": 0.7198960553670726,
            "recall": 0.7191407008891111,
            "f1-score": 0.7188742383378284,
            "support": 19737.0
        },
        "weighted avg": {
            "precision": 0.7199117559625714,
            "recall": 0.7191062471500228,
            "f1-score": 0.7188648270456229,
            "support": 19737.0
        }
    },
    "confusion_matrix": [
        [
            6813,
            3067
        ],
        [
            2477,
            7380
        ]
    ]
}