{
    "accuracy": 0.7391816459261535,
    "cross_val_accuracy": 0.6970872543371103,
    "classification_report": {
        "0": {
            "precision": 0.7638088783463233,
            "recall": 0.6925440393281442,
            "f1-score": 0.7264328302089488,
            "support": 9764.0
        },
        "1": {
            "precision": 0.7187558553494473,
            "recall": 0.7858240294991293,
            "f1-score": 0.7507951264862749,
            "support": 9763.0
        },
        "accuracy": 0.7391816459261535,
        "macro avg": {
            "precision": 0.7412823668478853,
            "recall": 0.7391840344136368,
            "f1-score": 0.7386139783476118,
            "support": 19527.0
        },
        "weighted avg": {
            "precision": 0.7412835204562992,
            "recall": 0.7391816459261535,
            "f1-score": 0.738613354537086,
            "support": 19527.0
        }
    },
    "confusion_matrix": [
        [
            6762,
            3002
        ],
        [
            2091,
            7672
        ]
    ]
}