{
    "accuracy": 0.7613560710810673,
    "cross_val_accuracy": 0.7528781547033759,
    "classification_report": {
        "0": {
            "precision": 0.7779929009357858,
            "recall": 0.73588360972632,
            "f1-score": 0.7563526090139078,
            "support": 9829.0
        },
        "1": {
            "precision": 0.7462365591397849,
            "recall": 0.7871726129098783,
            "f1-score": 0.7661581694098756,
            "support": 9698.0
        },
        "accuracy": 0.7613560710810673,
        "macro avg": {
            "precision": 0.7621147300377853,
            "recall": 0.7615281113180992,
            "f1-score": 0.7612553892118916,
            "support": 19527.0
        },
        "weighted avg": {
            "precision": 0.7622212512846557,
            "recall": 0.7613560710810673,
            "f1-score": 0.7612224981274478,
            "support": 19527.0
        }
    },
    "confusion_matrix": [
        [
            7233,
            2596
        ],
        [
            2064,
            7634
        ]
    ]
}