{
    "accuracy": 0.7503166641333536,
    "cross_val_accuracy": 0.7388251031100211,
    "classification_report": {
        "0": {
            "precision": 0.7614640302902819,
            "recall": 0.7313131313131314,
            "f1-score": 0.7460840890354493,
            "support": 9900.0
        },
        "1": {
            "precision": 0.7399550298171864,
            "recall": 0.7694419030192132,
            "f1-score": 0.7544104455297518,
            "support": 9837.0
        },
        "accuracy": 0.7503166641333536,
        "macro avg": {
            "precision": 0.7507095300537341,
            "recall": 0.7503775171661723,
            "f1-score": 0.7502472672826006,
            "support": 19737.0
        },
        "weighted avg": {
            "precision": 0.7507438581438646,
            "recall": 0.7503166641333537,
            "f1-score": 0.7502339785239458,
            "support": 19737.0
        }
    },
    "confusion_matrix": [
        [
            7240,
            2660
        ],
        [
            2268,
            7569
        ]
    ]
}